seq,organism_part,wildtype_flag
ATACACATCTCCGAGCCCACGAGACTACGCTGCATCTCGTATGCCGTCTTCTGCTTGAAAAAAAAAAACAAAAACACAAAATTGAGAAAGGAGGATAGGAAGGGGAGATAAAAATAAGAGAAAAA,Tg(cd41:EGFP),0
GCTCAGTGGAGTCAATCTTGTTGACTCCAACGATCAGCTGTTTCACTCCCAGGGTGAAAGCCAGGAGGGCGTGCTCCTGTCTCTTATACACATCTCCGAGCCCACGAGACTACGCTGCGTCTCGT,Tg(cd41:EGFP),0
CTACTGAACCACAAGGTTCATGCCGTAATCGGGGTGCTGATGGATGACACAGACCCTCTGGTGACTGTAATGAAAGTAGAAAAAGCCCCACAGGAGACATATGCAGATATCGGAGGTTTGGACAG,Tg(cd41:EGFP),0
CTGGATGTCGTGCAGACAGCTCAAACGCTGAGCATATTATCACTACTTTAGCTGCTGTAGTTTCTGCTAGATAAATAATTCCGGTCGTATTTCCATTATACACTCTCTTCGTTATTTTGGACCTT,Tg(cd41:EGFP),0
CCCCTGAACACACCCCTCCTCCACCACTCTGCCTGTCTGTCTGTCTAACGTGTGTGTATATCCTGTCTCTTATACACATCTCCGAGCCCACGAGACTACGCTGCATCTCGTATGCCGTCTTCTGC,Tg(cd41:EGFP),0
GGGTCAACTCAATGATAATCAATTCTGAGTCTTTATAAATTTGTTTAACCGCGCCGGGTCGACTCAATGATAATCAATTAATAGAATGAGTTTTTAAACCTTGTGACCACGCCGGGTCAACTCAT,Tg(cd41:EGFP),0
GATGTATTCTGAGTGTAGACCCGATGTTGAATTAGGCTGTTGAGATGTGCTGGATCGACCCTGACGCATGGTCTGAATGAAGGCCTCGTGTTTCTGACGCCACATATTCTTCTTACGCTCAGGCG,Tg(cd41:EGFP),0
GTGTTTGTCTGTGTGTGTGTGTGTGTGTGTGTGTGTGTGTTATGTGTGTGCAGCTGCAGCTCTCTGTCTGGTCAGGTGTTTGTCAGTGTGTGTGTGTGTGTGTGTGTGGGTGGGTGTGGGGGTGG,Tg(cd41:EGFP),0
CACCAGGGACTTGCCGTCGAAGTCCTTCAGTTGTTGCACGCAGTATTCATCGATAGGCTCGGTCATGTACAGCACCTCGAAACCTCGCTTGCAGACGCGCTCCACAAATGCAGAGTGGGCAACCT,Tg(cd41:EGFP),0
ACCAAAATAAGTACAGATATTCCCAATCCAAACGGTAGAATGATTTTTATGAAGCATGGTCCTTTAAATCTGTCTCTTATACACATCTCCGAGCCCACGAGACTACGCTGCATCTCGTATGCCGT,Tg(cd41:EGFP),0
GCCACTAAAAGTGTGGTACTCTGTTTCGTGGAACAGGTTCCCACAGCCGAAGTCAATCAGTGTGACATCCATGGTGTGTGTGTTGACTATCAAGTTCTCCAATTTTATATCTCTGTGGAATACTC,Tg(cd41:EGFP),0
CCTCACTTCTTTAGTTTTTTCTCCTCTTGTATAACTGCTTCACAGGATTTGGGGTCGTTGGATTGAACCTGCAGTGCTCTTCTACCTGGTGTAACTGTAGCCGTTTAGTTGGATTACGGATCAAA,Tg(cd41:EGFP),0
ATTATGATTATATATGAGGATTATGTGGTCCAAGCTACATTTCCAGGTTTTGATGAATATAGGCTACTAGGCATGGGCCGGTATAAGTTTCTGACGGTATGATAACCTTGGAAAAAGTATCACGG,Tg(cd41:EGFP),0
ATATAAACCTACATTGCCTGTGCAGGTGTTATGGGTTCATATCTGGCTGGTACATTCTGGACAGATCTGCTGGTCAGTGTGTTGATGCGGGTCTGATTGTCACTGTCTGTGTAACACTGTCTGTA,Tg(cd41:EGFP),0
CTACAACAGTGTCCGAGACTTCTGTTGAGGGCACAACACTGAAGGTGTTCATGATTCGGTCTGGGTACTCCTCACGGATTTTGCTGATGAGGAGAGTGCCCACTGTCTCTTATACACATCTGACG,Tg(cd41:EGFP),0
CCGCACACCGCCTCGGCGTTGTGTCTCCACTCACAGATTGCGACCGACCGCTCTACCGGTACGCGGCCCGCGTGCACCTTACCCACCGGCGACGCTCCGGAGCCTGTCGCCAACACCCCCCACAC,Tg(cd41:EGFP),0
CTACAACATTCAGAAAGAGTCCACCCTCCACCTGGTGCTGCGTCTGAGAGGCGGTATGCAGATCTTCGTCAAGACTCTGACAGGTAAAACCATCACTCTTGAGGTCGAGCCCAGTGACACCATTG,Tg(cd41:EGFP),0
ATACACAATTACCGCTCCTGCCGGATCATTACAGGCGCGCAGCTGTTGTTGTTGTTTTGCATTGTTTATATTAGTTTGCTGGGAGCATCGCGTGGACCTTAGAGTAACGATCGCAGCATCTCTGC,Tg(cd41:EGFP),0
CATTTATTGCAAGTGTTTGGCCTGCTGGGGAAATCAAGTTCTTTCTGGAGCAGTGATTGGTCACTCTGGGGATGATGAGTGGAGATCGTGAGGCAGGCCTTCTCGTCTTTTAGAAAGTGTCCACA,Tg(cd41:EGFP),0
GTCGTATGTTGTAGGCAAGCCGCAATATTTGATGTCCATGCCTTCATAATATTCCGGTCCTGTAAGGATCTTTCCGTTGACTCCACTCTTACTTAGTTTTCCCAACCAGGCCATCTTCGGCGCTG,Tg(cd41:EGFP),0
GGTCTGAGATCATCAAGTTACGTCGCATTATAGCATAAAAACCGCAGACATGAATAAAACGTGAACACATGATCCACGAGAGCCCTGAACTTAATACTTTCACCAATTAACAGAAAGGTGTGATG,Tg(cd41:EGFP),0
GTAAGTAAAGACGCCTATCTTCCAGTTTGATCGGGAAACTACCCGAGGGGGATGGTGCTCAATTGGGCCTCGTCTGAACACAAGAGAGATCGCACGCGGAAACCGTTAACGCAAGAATATACAGC,Tg(cd41:EGFP),0
GATCAAATAACCCCCTTGGCCTAAACCCCAACATGGATAAAATCCCCTTTCATCCTTATTTTTCAAATAAAGACCTCCTTGGTTTTGTAATTATATTATTTTCCCTCTCACTATTAGCACTATTC,Tg(cd41:EGFP),0
GCTGGCCGTCCCTCGTCTGATCTGTCCCATTCCTGGAGCAGTTCAGTGAGGATGGACACAAGTACGCCTCTCCATCAGCATGAGGTTGTATGCTCAAACATGACTGTTAAGCCTGTCTCTTATAC,Tg(cd41:EGFP),0
CCATGGTAACTGTTATGATTTAACTATGCAATGAGCCTAGGATGACCAAGAGCAACAGATTCCGCCATTTTGAAGTGAAAGCGATCGCTCGTGCATTGGATATCATTGCTGTCGCAATGGCAAAC,Tg(cd41:EGFP),0
GTACAGAACCACAACAACAAGTCTGTAAATGAGGCACTAAATAATCTCTTCATCACAGAGGAGGATTTTCAGGCTCTGCGCACATCCATCGATGCCTACGACAACTTCGACAACATATCTCTGGC,Tg(cd41:EGFP),0
GAACAGGATCTACGAAAGGAAAAATACAAGGAGGAAACCTGTCTCTTATACACATCTGACGCTGCCGACGATCGCATAAGTGTAGATCTCGGTGGTCGCCGTATCATTAAAAAAAAAAACCAAAC,Tg(cd41:EGFP),0
CTCTGGAGTCTGTGCTGGTGAAGGGTCTTGCGGTCCAGCTCCCAGGCCAGCTCAGTGCAGAACTGAGGCTGTTCCTTGTGCTCCACGGGGTCTGTGGACAGAGTCTCTCCATCAAAACGAGCTTC,Tg(cd41:EGFP),0
TCATTGCTGTCGCGATGGAAAGCAGCTGCTTTTTATTTATTTATATTATTCAAAAAGCGCGTTATTGTTTCCCAAATTGTAGAGTGTCGCCTCTTGGTAATTCTATGCTCTTTGCTCCATGTCTG,Tg(cd41:EGFP),0
TCTTTAGACATACTGCAAGTTGGAATGCTGGCGGGGAGGGCCTTGAGTGGCAATGAGGCCTTGGTGTGTTGAAAGAGTCTTAAAAAGGTCTTAAGAGGTATTTAATTTCACTATAACTCATGTGT,Tg(cd41:EGFP),0
ATTAAACACATCGATTCAGTTCTCACTCAACTCAAAGAATTGCGCTTATTGTATCTGCATGGAAATAATATTCAGGAGTTGTCGGAGGTGGATAAACTTGCAGTGTTGCCGTCGCTCCACACCAT,Tg(cd41:EGFP),0
GCTGAGGCCAGGTCACTTGTGGGACAAGCTTATTTAGAGAAAGGTGATCTTGAGCTTGCACAAGAGCATTTGGAGGTGTTTTATCAGCTAACCGCAGGCCGAACTTGGCAGGACAGCAACGGCCG,Tg(cd41:EGFP),0
GTGTCTAAAAGACAGTTAGAAAACCAAACATTTGTAACACTTAACACCCACACTTCAGGTGAATTTTTCATGGCAACACCCCGGTAGAATATGCAGTATAAAAACAGCTTTGGTGAACCTGTTTT,Tg(cd41:EGFP),0
ATTACAAACTGATCCACAATCAGCAGCATATATATATAATGAATAGCTTGAAAACATTCCAGTAAGAAAACATTTGGATTTTTGAAGTTCTAGACTCTAAAAAAAAGATTTCAATTATTTCACAA,Tg(cd41:EGFP),0
GGTGTACACCGCCCTTAGACGTCTTGGTATACGGACAACTGATGGACCCACGTTGCGAGTCCAGTAAATCAGGACGGGGATAATTGCGCGGTTTTGACTGCGGAAGGAAGCCAAGGCCCACCTAA,Tg(cd41:EGFP),0
ACTCTGAGATGTCTATTCTTGCATTTTCTGTCTCTATACACGGAAGTGAAGGCCTCAGTTGTCGATTGTGCCTCTGGAAGATTCTCCTCTTGTGCTGTATATTGTGATGTCTCTCTTTTGCAGAA,Tg(cd41:EGFP),0
GCAATAATCCTATATTTCAATGTTTAAAATAATGTCTAATTTTTAGAAATGATTTAATTCCTGAAACTGATATTAAATGATGTGATCAAAAATGCTTATTATTTGAGGACAAACAAAATATAAAT,Tg(cd41:EGFP),0
GTCAATAGACAGGGCGATCATCTTCACGTCACGTTTCTTAAACTCTTCATGAAGCTTGGCGGCACGGGCTAATTCAGTTGTACATACTGGAGTGAAGTCACGAGGGTGCGAGAACAAGATGCCCC,Tg(cd41:EGFP),0
TTCCAGTACATTGTTAAATCTATGCTACAAAGAGTAAGGCAGTTCTGAAAGAAAAGTGGGTCCAACCCAGTACTACTTAAGGTGTACCTAATAAAGTGGCCGTTGCTGTCTCTTATACACATCTG,Tg(cd41:EGFP),0
TGATGGGGGAGACAGTTAAGCCCTCGTTTGGCCATTCATACAAGTCCCTAATTAAAGGACGAGTGATTGCGCTACCTTTGCACGGTCAAAATACCGCGGCCGTTAAACTATTGTCACTGGGCAGG,Tg(cd41:EGFP),0
